<schema xmlns:xsi="http://www.w3.org/2001/XMLSchema-instance"
        xsi:noNamespaceSchemaLocation="urn:magento:framework:Setup/Declaration/Schema/etc/schema.xsd">
    <table name="sumup_brand">
        <column xsi:type="int" name="brand_id" padding="10" unsigned="true" nullable="false" comment="brand_id" identity="true"/>
        <column xsi:type="varchar" name="name" length="255" nullable="false" comment="name"/>
        <column xsi:type="longtext" name="description" nullable="false" comment="description"/>
        <column xsi:type="varchar" name="country" nullable="true" length="255" comment="country"/>
        <column xsi:type="varchar" name="url_key" length="255" nullable="false" comment="url_key"/>
        <column xsi:type="varchar" name="image" length="255" nullable="false" default="" comment="image"/>
        <column xsi:type="varchar" name="small_image" length="255" nullable="false" default="" comment="small_image"/>
<!--        <column xsi:type="smallint" name="is_featured" nullable="false" comment="is_featured" default="0"/>-->
        <column xsi:type="smallint" name="status" nullable="false" comment="status" default="1"/>
        <column xsi:type="int" name="option_id" nullable="false" unsigned="true" comment="option_id" default="0"/>
        <constraint xsi:type="primary" referenceId="PRIMARY">
            <column name="brand_id"/>
        </constraint>

       <index referenceId="INDEX_NAME" indexType="fulltext">
           <column name="name"/>
       </index>
    </table>
    <table name="sumup_brand_products">
        <column xsi:type="int" name="brand_product_id" padding="10" identity="true" unsigned="true" nullable="false" comment="brand_product_id"/>
        <column xsi:type="int" name="brand_id" padding="10" unsigned="true" nullable="false" comment="brand_id"/>
        <column xsi:type="int" name="product_id" padding="10" unsigned="true" nullable="false" comment="product_id"/>
        <column xsi:type="int" name="position" padding="11" nullable="false" default="0" comment="Position"/>
        <constraint xsi:type="primary" referenceId="PRIMARY">
            <column name="brand_product_id"/>
        </constraint>
        <constraint xsi:type="foreign" referenceId="FL_BRANDPRODUCT_ID" table="sumup_brand_products"
                    column="brand_id" referenceTable="sumup_brand" referenceColumn="brand_id"
                    onDelete="CASCADE"/>
        <constraint xsi:type="foreign" referenceId="FL_PRODUCTBRAND_ID" table="sumup_brand_products"
                    column="product_id" referenceTable="catalog_product_entity" referenceColumn="entity_id"
                    onDelete="CASCADE"/>
    </table>
    <table name="sumup_brand_store">
        <column xsi:type="int" name="brand_store_id" padding="10" identity="true" unsigned="true" nullable="false" comment="brand_store_id"/>
        <column xsi:type="smallint" name="store_id"  unsigned="true" nullable="false" comment="store_id"/>
        <column xsi:type="int" name="brand_id" padding="10" unsigned="true" nullable="false" comment="brand_id"/>
        <constraint xsi:type="primary" referenceId="PRIMARY">
            <column name="brand_store_id"/>
        </constraint>
        <constraint xsi:type="foreign" referenceId="FL_BRANDSTORE_ID" table="sumup_brand_store"
                    column="brand_id" referenceTable="sumup_brand" referenceColumn="brand_id"
                    onDelete="CASCADE"/>
        <constraint xsi:type="foreign" referenceId="FL_STOREBRAND_ID" table="sumup_brand_store"
                    column="store_id" referenceTable="store" referenceColumn="store_id"
                    onDelete="CASCADE"/>
    </table>

</schema>
